SEEP Scavenger Hunt;Lookout;Stage;Gallery;Summit;Oasis;Aviary;Sanctuary
Halloumi;Supreme Court;Paphos Gate;Μνημείο το Ψήφισμα;Panagia Chrysaliniotissa Church;Pancyprian Gymnasium;Hamam Omereye;
Souvla;Leventis Gallery;Holy Cross Catholic Church;Faneromeni Church;Garden of Peace;Archibishop’s Palace;palia ilektriki;
Sheftalia;Προτομή Γιούρι Γκαγκάριν;Maronite Church;Bank of Cyprus Cultural Foundation;Melina Merkouri Hall;Apostle Barnabas Cathedral;Nicosia Town Hall;
Anari;Parliament House of Representatives;Solomou Square;Cyprus Library;Ithaki Venue;OXI VEGGIE MARKET;Bayraktar Mosque;
Zivania;Municipal Theater;Fairytale Museum;Shakolas Tower;Ermou 271;Hadjigeorgakis Kornesios;Archaeological Site of Palaion Demarcheion;
Koumantaria;The Cyprus Museum;Tripoli Bastion;Leventis Museum;Famagusta Gate;Liberty Monument;OXI Square;
Koupepia;Maronite Church;Προτομή Γιούρι Γκαγκάριν;Melina Merkouri Hall;Apostle Barnabas Cathedral;Nicosia Town Hall;Bank of Cyprus Cultural Foundation;
Kleftiko;Solomou Square;Parliament House of Representatives;Ithaki Venue;OXI VEGGIE MARKET;Bayraktar Mosque;Cyprus Library;
Loukoumades;Tripoli Bastion;The Cyprus Museum;Famagusta Gate;Liberty Monument;OXI Square;Leventis Museum;
